gene	baseMean	log2FoldChange	lfcSE	stat	pvalue	padj
ENSG00000160191	76934.80150485839	3.07229138641135	0.15560265616075739	19.744466207808696	8.950565175766057e-87	2.049679425250427e-84
ENSG00000154734	22864.867157334716	3.44231826542817	0.17970537458840763	19.155343980737154	8.734633756681371e-82	1.000115565140017e-79
ENSG00000154723	7343.846029743874	2.5826305413029607	0.16419336643518	15.729201473693685	9.540668387271441e-56	7.282710202283866e-54
ENSG00000180509	30231.36842356747	2.94406360113783	0.20037533943884625	14.692744173922392	7.174829012226428e-49	4.10758960949963e-47
ENSG00000183145	9994.683065200175	2.8914438633434285	0.2491566307422109	11.604924399283002	3.8903127998787694e-31	1.7817632623444762e-29
ENSG00000276289	11795.515150047873	2.8603960341619055	0.4650076126711101	6.151288615967244	7.685591136590166e-10	2.9333339504652467e-8
ENSG00000277277	724.4974436121773	0.9286144378667424	0.2638273098510343	3.519781323590302	4.319027313610936e-4	0.014129389354527205
