gene	baseMean	log2FoldChange	lfcSE	stat	pvalue	padj
ENSG00000142192	52244.1342318821	3.2178673051163553	0.13830447385487937	23.26654529261874	9.674557826886852e-120	2.215473742357089e-117
ENSG00000142168	5868.692986340959	2.9804831730706765	0.17175554789822647	17.35305327567502	1.8703371305833003e-67	2.141536014517879e-65
ENSG00000285815	1033.792547686791	0.8758773279035101	0.24281975260849245	3.607109053091412	3.09627550781963e-4	0.023634903043023174
