gene	baseMean	log2FoldChange	lfcSE	stat	pvalue	padj
ENSG00000154727	14251.927640974682	3.14910377128592	0.16624416488566193	18.942642428693873	5.078325968599057e-80	1.162936646809184e-77
ENSG00000160255	52680.39381535633	2.9238047795414768	0.16442397031840555	17.78210788779492	9.725381397802657e-71	1.1135561700484043e-68
ENSG00000142168	7328.407297973265	3.2381716154067757	0.20956819478211222	15.451636727479084	7.355177631050861e-54	5.614452258368823e-52
ENSG00000141959	14835.41427674234	2.6378685746078867	0.18712682583670814	14.096688504243433	3.98012819283699e-45	2.278623390399177e-43
ENSG00000159128	12389.009900287427	2.768260292131238	0.2106010387849578	13.14457092948091	1.828397187669862e-39	8.374059119527968e-38
ENSG00000154639	17653.81127572736	2.9594273555671067	0.22703906284018574	13.034881832868852	7.748697350876052e-39	2.957419488917693e-37
ENSG00000188694	626.856926014548	1.126239877758146	0.3468808475265147	3.2467629325428784	0.0011672557356716805	0.03818593763840212
