gene	baseMean	log2FoldChange	lfcSE	stat	pvalue	padj
ENSG00000159140	73373.93600416968	3.004585991015974	0.16093409141642018	18.669667592316085	8.73950070779353e-78	2.0013456620847182e-75
ENSG00000197381	102057.03163026871	3.787805758102087	0.22047121400889924	17.180500298552325	3.716918024119148e-66	4.255871137616425e-64
ENSG00000154734	21831.09858925108	3.1735289222014846	0.21519040724855082	14.747538994784149	3.190898562574519e-49	2.4357192360985494e-47
ENSG00000142168	5867.909139011966	2.793041026053811	0.1961679253461395	14.238010730477336	5.322054739085935e-46	3.046876338126698e-44
ENSG00000142185	42693.84711878948	2.7274199997806736	0.19200810950208544	14.204712534555998	8.565341172247007e-46	3.922926256889129e-44
ENSG00000154727	20692.297308551217	3.1393843507060595	0.22958268772125412	13.674307857732359	1.4457639053483814e-42	5.517998905412989e-41
ENSG00000154639	3913.722591435494	-0.6650134148078855	0.20752676965440606	-3.2044705168173295	0.00135311147998603	0.04426607555954298
